epoch,step,train_MAE,train_RMSE,train_Total_Loss,val_MAE,val_RMSE,val_Total_Loss
0,361,,,,0.9790197014808655,1.2187689542770386,1.493021011352539
0,361,1.1384786367416382,1.4028596878051758,2.050729274749756,,,
1,723,,,,0.8809331059455872,1.1344996690750122,1.2965106964111328
1,723,0.9138996005058289,1.1600836515426636,1.3521735668182373,,,
2,1085,,,,0.8780173659324646,1.107961654663086,1.2352718114852905
2,1085,0.8733149170875549,1.115556240081787,1.2506043910980225,,,
3,1447,,,,0.8423582315444946,1.101527452468872,1.2241556644439697
3,1447,0.8492449522018433,1.0913807153701782,1.1975747346878052,,,
4,1809,,,,0.8085218667984009,1.058014988899231,1.1301072835922241
4,1809,0.8258518576622009,1.0685641765594482,1.148960828781128,,,
5,2171,,,,0.7830950021743774,1.0310394763946533,1.073373794555664
5,2171,0.8035163283348083,1.0488823652267456,1.1067899465560913,,,
6,2533,,,,0.7669786214828491,1.0268634557724,1.0651650428771973
6,2533,0.775749146938324,1.0244038105010986,1.0568727254867554,,,
7,2895,,,,0.7691515684127808,1.0180326700210571,1.0469605922698975
7,2895,0.7668477296829224,1.0158838033676147,1.0394737720489502,,,
8,3257,,,,0.7512990832328796,1.0088915824890137,1.0286461114883423
8,3257,0.7540974020957947,1.0053297281265259,1.0182454586029053,,,
9,3619,,,,0.7307826280593872,0.9973855018615723,1.0073339939117432
9,3619,0.7430080771446228,0.9937612414360046,0.9959740042686462,,,
10,3981,,,,0.7375221252441406,0.9913575649261475,0.9939672350883484
10,3981,0.7376918792724609,0.9889150857925415,0.9860419631004333,,,
11,4343,,,,0.7231652140617371,0.9871554374694824,0.9858951568603516
11,4343,0.7294524908065796,0.9793285131454468,0.9668908715248108,,,
12,4705,,,,0.7153221368789673,0.9767633080482483,0.9680039882659912
12,4705,0.7208058834075928,0.9698167443275452,0.9484427571296692,,,
13,5067,,,,0.7073348760604858,0.966509222984314,0.9461273550987244
13,5067,0.7172252535820007,0.9660888910293579,0.940521240234375,,,
14,5429,,,,0.6988208889961243,0.9532109498977661,0.9218890070915222
14,5429,0.7084117531776428,0.9550531506538391,0.9200596809387207,,,
15,5791,,,,0.6818027496337891,0.962053656578064,0.9405267238616943
15,5791,0.7000085115432739,0.9453282356262207,0.9018837213516235,,,
16,6153,,,,0.691993772983551,0.9379903078079224,0.8920964598655701
16,6153,0.6878034472465515,0.9299630522727966,0.873253345489502,,,
17,6515,,,,0.6786798238754272,0.9161351323127747,0.8509780168533325
17,6515,0.6787844896316528,0.9214628338813782,0.8578465580940247,,,
18,6877,,,,0.6771270036697388,0.9159312844276428,0.8513424396514893
18,6877,0.673576831817627,0.9149245023727417,0.8453500866889954,,,
19,7239,,,,0.6616004705429077,0.9233357310295105,0.8654991984367371
19,7239,0.6635459065437317,0.9040456414222717,0.8246573209762573,,,
20,7601,,,,0.7101637721061707,0.9403997659683228,0.895455539226532
20,7601,0.6593179702758789,0.8994536399841309,0.8172115683555603,,,
21,7963,,,,0.6629197597503662,0.9105689525604248,0.8419041037559509
21,7963,0.6532537341117859,0.8920844793319702,0.803970992565155,,,
22,8325,,,,0.6418228149414062,0.8987175226211548,0.8215854167938232
22,8325,0.646329939365387,0.884024977684021,0.7906515002250671,,,
23,8687,,,,0.6296961307525635,0.8846973180770874,0.7958297729492188
23,8687,0.638927161693573,0.8740690350532532,0.7722464799880981,,,
24,9049,,,,0.6365488171577454,0.8661608695983887,0.7637113332748413
24,9049,0.6369855999946594,0.8741287589073181,0.770950198173523,,,
25,9411,,,,0.6941914558410645,0.9059282541275024,0.8307539820671082
25,9411,0.6326996684074402,0.8684378266334534,0.7634639143943787,,,
26,9773,,,,0.6130504608154297,0.8557937741279602,0.7474807500839233
26,9773,0.6275352239608765,0.8586325645446777,0.7458028793334961,,,
27,10135,,,,0.6449546217918396,0.8793068528175354,0.7849104404449463
27,10135,0.628066897392273,0.8601073622703552,0.7490860223770142,,,
28,10497,,,,0.6601704955101013,0.8786627054214478,0.7832801342010498
28,10497,0.6178930997848511,0.8504359126091003,0.7312460541725159,,,
29,10859,,,,0.6217014193534851,0.8603023886680603,0.7522035837173462
29,10859,0.6195383071899414,0.8518850803375244,0.733780562877655,,,
30,11221,,,,0.6028618812561035,0.841232419013977,0.7181321978569031
30,11221,0.6084001660346985,0.8377597332000732,0.7091845273971558,,,
31,11583,,,,0.6137985587120056,0.8417587876319885,0.7187451720237732
31,11583,0.6041099429130554,0.8304697871208191,0.6964824795722961,,,
32,11945,,,,0.6182812452316284,0.8459004163742065,0.7263336181640625
32,11945,0.6041537523269653,0.8337221741676331,0.7029215097427368,,,
33,12307,,,,0.5875651836395264,0.8253136277198792,0.6920155882835388
33,12307,0.5993987917900085,0.8270075917243958,0.691443920135498,,,
34,12669,,,,0.6152881383895874,0.8373932242393494,0.7125542759895325
34,12669,0.5924317836761475,0.8178406357765198,0.6764801740646362,,,
35,13031,,,,0.5973808765411377,0.840943455696106,0.7189177870750427
35,13031,0.5942539572715759,0.8216690421104431,0.6833047270774841,,,
36,13393,,,,0.6039061546325684,0.8444617390632629,0.7216574549674988
36,13393,0.5894335508346558,0.8149963617324829,0.6719167232513428,,,
37,13755,,,,0.5748963952064514,0.822751522064209,0.6893989443778992
37,13755,0.5831485390663147,0.8064978122711182,0.6584028601646423,,,
38,14117,,,,0.6010055541992188,0.8677236437797546,0.7631976008415222
38,14117,0.5910512804985046,0.819161057472229,0.6793897747993469,,,
39,14479,,,,0.5902007818222046,0.8300704956054688,0.7009131908416748
39,14479,0.5812312960624695,0.8053499460220337,0.6565442085266113,,,
40,14841,,,,0.5725014805793762,0.8089152574539185,0.664685070514679
40,14841,0.572299599647522,0.7930616140365601,0.6359266638755798,,,
41,15203,,,,0.5693086385726929,0.8033366799354553,0.657355785369873
41,15203,0.5730441212654114,0.7914280295372009,0.6337140202522278,,,
42,15565,,,,0.5750850439071655,0.801802933216095,0.6533673405647278
42,15565,0.5686967968940735,0.7869651317596436,0.6271350383758545,,,
43,15927,,,,0.5676096677780151,0.7941696643829346,0.6409041881561279
43,15927,0.5677565336227417,0.7854050397872925,0.6245664954185486,,,
44,16289,,,,0.545995831489563,0.768479585647583,0.6005503535270691
44,16289,0.5521465539932251,0.7618637084960938,0.5880970358848572,,,
45,16651,,,,0.5557851791381836,0.7793515920639038,0.6179751753807068
45,16651,0.5496084690093994,0.7597891092300415,0.5842325687408447,,,
46,17013,,,,0.5411239862442017,0.7649889588356018,0.5958650708198547
46,17013,0.5420675277709961,0.7490307688713074,0.5684866309165955,,,
47,17375,,,,0.5509872436523438,0.7650901675224304,0.5955945253372192
47,17375,0.5407811999320984,0.746016800403595,0.5626508593559265,,,
48,17737,,,,0.541561484336853,0.7740902304649353,0.6113839149475098
48,17737,0.5305442214012146,0.7346810698509216,0.5463000535964966,,,
49,18099,,,,0.5269527435302734,0.7540573477745056,0.5809807777404785
49,18099,0.531693160533905,0.7361066341400146,0.5487887859344482,,,
50,18461,,,,0.5305603742599487,0.7535605430603027,0.5791508555412292
50,18461,0.52976393699646,0.7338546514511108,0.5457766056060791,,,
51,18823,,,,0.5264891982078552,0.7457478642463684,0.5673568844795227
51,18823,0.524092435836792,0.7264506220817566,0.5348559617996216,,,
52,19185,,,,0.530028760433197,0.7470430135726929,0.5706472396850586
52,19185,0.5270233154296875,0.7341477870941162,0.5453901290893555,,,
53,19547,,,,0.527321457862854,0.7618252635002136,0.5935379266738892
53,19547,0.5174263715744019,0.7159832715988159,0.5191357135772705,,,
54,19909,,,,0.5197972655296326,0.7420233488082886,0.5618100166320801
54,19909,0.5157744288444519,0.7142843008041382,0.5167413949966431,,,
55,20271,,,,0.5193806290626526,0.7430307269096375,0.5643485188484192
55,20271,0.5127156376838684,0.7113308310508728,0.5130402445793152,,,
56,20633,,,,0.5094307661056519,0.7298722863197327,0.5444764494895935
56,20633,0.512214720249176,0.710777997970581,0.5111472010612488,,,
57,20995,,,,0.5179438591003418,0.737293004989624,0.5563942790031433
57,20995,0.5116987228393555,0.710392951965332,0.5109421014785767,,,
58,21357,,,,0.5083267092704773,0.7263497114181519,0.5400528311729431
58,21357,0.5043161511421204,0.699326753616333,0.4948892891407013,,,
59,21719,,,,0.5006887316703796,0.7112791538238525,0.5170475840568542
59,21719,0.5011200904846191,0.6953189969062805,0.48965927958488464,,,
60,22081,,,,0.5269632935523987,0.7339160442352295,0.5486153960227966
60,22081,0.5017526149749756,0.6956315040588379,0.490671306848526,,,
61,22443,,,,0.5144875049591064,0.728116512298584,0.5399166345596313
61,22443,0.5027490258216858,0.6987159252166748,0.4948888123035431,,,
62,22805,,,,0.5076944828033447,0.7182881236076355,0.5261905193328857
62,22805,0.4964355230331421,0.6899187564849854,0.48332855105400085,,,
63,23167,,,,0.5059053301811218,0.7259796261787415,0.5385693907737732
63,23167,0.48739781975746155,0.6777939200401306,0.4661577045917511,,,
64,23529,,,,0.520562469959259,0.7352895736694336,0.549195408821106
64,23529,0.49044159054756165,0.6812257766723633,0.4696691036224365,,,
65,23891,,,,0.49165329337120056,0.7082991600036621,0.5119388103485107
65,23891,0.4868864119052887,0.6765239238739014,0.46447402238845825,,,
66,24253,,,,0.5225769877433777,0.723080039024353,0.5325215458869934
66,24253,0.48470398783683777,0.6727832555770874,0.45902782678604126,,,
67,24615,,,,0.4872530996799469,0.6997758746147156,0.5002798438072205
67,24615,0.4882316291332245,0.6784150004386902,0.46615222096443176,,,
68,24977,,,,0.5098970532417297,0.724039614200592,0.5349010229110718
68,24977,0.48538103699684143,0.6720249652862549,0.45729780197143555,,,
69,25339,,,,0.49254629015922546,0.7072773575782776,0.5074467658996582
69,25339,0.48027828335762024,0.6648706197738647,0.4485951066017151,,,
70,25701,,,,0.5021880269050598,0.7213404774665833,0.529625654220581
70,25701,0.47756054997444153,0.6624202728271484,0.44452568888664246,,,
71,26063,,,,0.49539750814437866,0.7128099799156189,0.5166585445404053
71,26063,0.48319944739341736,0.6678141951560974,0.4520292580127716,,,
72,26425,,,,0.4878195822238922,0.6956748962402344,0.4926705062389374
72,26425,0.4699462354183197,0.6510912179946899,0.43042322993278503,,,
73,26787,,,,0.5075252652168274,0.7115775346755981,0.516652524471283
73,26787,0.46898698806762695,0.6481691002845764,0.4253998398780823,,,
74,27149,,,,0.48085564374923706,0.695349931716919,0.4912866950035095
74,27149,0.46590670943260193,0.6460587978363037,0.42253878712654114,,,
75,27511,,,,0.47677069902420044,0.6830336451530457,0.47448697686195374
75,27511,0.4679921865463257,0.6499451398849487,0.42832937836647034,,,
76,27873,,,,0.48471325635910034,0.6940078735351562,0.4918442666530609
76,27873,0.47110527753829956,0.6515133380889893,0.4302526116371155,,,
77,28235,,,,0.47993597388267517,0.6981766819953918,0.49613308906555176
77,28235,0.45750606060028076,0.6337920427322388,0.40732741355895996,,,
78,28597,,,,0.4829332232475281,0.6991893649101257,0.4996417164802551
78,28597,0.46413183212280273,0.6438305974006653,0.41957998275756836,,,
79,28959,,,,0.5212822556495667,0.7394295930862427,0.5562759637832642
79,28959,0.4612783193588257,0.6389257311820984,0.4136168658733368,,,
80,29321,,,,0.4840060770511627,0.7110475301742554,0.5163345336914062
80,29321,0.46396031975746155,0.6408863663673401,0.41673028469085693,,,
81,29683,,,,0.48582836985588074,0.6937140822410583,0.49041345715522766
81,29683,0.45546242594718933,0.6320457458496094,0.4043920934200287,,,
82,30045,,,,0.48708394169807434,0.70184326171875,0.5016500353813171
82,30045,0.4532378613948822,0.6269168853759766,0.398179829120636,,,
83,30407,,,,0.4780828356742859,0.6876192688941956,0.4825248122215271
83,30407,0.45480167865753174,0.6288315057754517,0.40127304196357727,,,
84,30769,,,,0.48881804943084717,0.7021102905273438,0.5011468529701233
84,30769,0.4510895013809204,0.6237689256668091,0.39401543140411377,,,
85,31131,,,,0.47577929496765137,0.677037239074707,0.4660912752151489
85,31131,0.4510706663131714,0.6227184534072876,0.39332082867622375,,,
86,31493,,,,0.4838487505912781,0.6924359798431396,0.4875337481498718
86,31493,0.45157739520072937,0.6235222220420837,0.3943786323070526,,,
87,31855,,,,0.49285539984703064,0.6946123242378235,0.49058854579925537
87,31855,0.4438645541667938,0.6140865087509155,0.3824353516101837,,,
88,32217,,,,0.4778286814689636,0.6912393569946289,0.48667266964912415
88,32217,0.44521641731262207,0.6146935820579529,0.3836234211921692,,,
89,32579,,,,0.46728646755218506,0.6712625026702881,0.4593261778354645
89,32579,0.44274139404296875,0.6119194030761719,0.3795207142829895,,,
90,32941,,,,0.46621429920196533,0.6717656254768372,0.4587250053882599
90,32941,0.4402036666870117,0.6076965928077698,0.37424561381340027,,,
91,33303,,,,0.46369317173957825,0.674457311630249,0.4637472331523895
91,33303,0.4407596290111542,0.6105994582176208,0.37814533710479736,,,
92,33665,,,,0.4853775203227997,0.7043884992599487,0.5058226585388184
92,33665,0.44195130467414856,0.6103653311729431,0.3774726986885071,,,
93,34027,,,,0.46575021743774414,0.6720123887062073,0.4590623080730438
93,34027,0.4379168748855591,0.6055203676223755,0.37167856097221375,,,
94,34389,,,,0.4721606969833374,0.6873680949211121,0.48181626200675964
94,34389,0.43508121371269226,0.6006377935409546,0.3649764060974121,,,
95,34751,,,,0.4664550721645355,0.6813605427742004,0.4732249975204468
95,34751,0.4348849952220917,0.6034774780273438,0.3691887855529785,,,
96,35113,,,,0.4796791672706604,0.6858260631561279,0.4790970981121063
96,35113,0.4370049238204956,0.6024798154830933,0.3679913878440857,,,
97,35475,,,,0.46135494112968445,0.6719546318054199,0.461564838886261
97,35475,0.43225395679473877,0.5967289805412292,0.3615378737449646,,,
98,35837,,,,0.47714167833328247,0.6756073832511902,0.4647536873817444
98,35837,0.4341156780719757,0.5996848344802856,0.3640923500061035,,,
99,36199,,,,0.4640759825706482,0.6790857315063477,0.46996212005615234
99,36199,0.42818301916122437,0.5905324816703796,0.35380294919013977,,,
100,36561,,,,0.4655747711658478,0.6831830143928528,0.4762626588344574
100,36561,0.43057286739349365,0.5944164395332336,0.3583371341228485,,,
101,36923,,,,0.46996238827705383,0.6693886518478394,0.45554473996162415
101,36923,0.42361947894096375,0.5841422080993652,0.3458867073059082,,,
102,37285,,,,0.4651077687740326,0.6814873814582825,0.4737492799758911
102,37285,0.4267905056476593,0.5891740322113037,0.3519349992275238,,,
103,37647,,,,0.4745326042175293,0.6920247673988342,0.48826274275779724
103,37647,0.4286707043647766,0.5925779342651367,0.3556109070777893,,,
104,38009,,,,0.4603968560695648,0.671989917755127,0.4605706036090851
104,38009,0.4190816879272461,0.5792288780212402,0.33942773938179016,,,
105,38371,,,,0.4634951055049896,0.6670610308647156,0.4538968503475189
105,38371,0.42118871212005615,0.5798741579055786,0.3408672511577606,,,
106,38733,,,,0.4677146077156067,0.681501030921936,0.4732494652271271
106,38733,0.42580321431159973,0.5878292322158813,0.35094884037971497,,,
107,39095,,,,0.4523985683917999,0.6678416728973389,0.45625707507133484
107,39095,0.42720848321914673,0.59086012840271,0.35424545407295227,,,
108,39457,,,,0.459738165140152,0.6690462231636047,0.45606371760368347
108,39457,0.4187493324279785,0.5762190818786621,0.3371952176094055,,,
109,39819,,,,0.4742750823497772,0.6937367916107178,0.49097439646720886
109,39819,0.4186645746231079,0.5761409997940063,0.3367026150226593,,,
110,40181,,,,0.45716363191604614,0.6579056978225708,0.44116970896720886
110,40181,0.4177239239215851,0.5773577094078064,0.3382296860218048,,,
111,40543,,,,0.46213045716285706,0.6685758233070374,0.454315721988678
111,40543,0.4155597686767578,0.5736265182495117,0.33416905999183655,,,
112,40905,,,,0.4507941007614136,0.6649168729782104,0.45151713490486145
112,40905,0.418703556060791,0.578229546546936,0.33975136280059814,,,
113,41267,,,,0.4579952359199524,0.6630667448043823,0.4483032524585724
113,41267,0.41075602173805237,0.566871702671051,0.32574933767318726,,,
114,41629,,,,0.4524288475513458,0.6552609205245972,0.4388357698917389
114,41629,0.41183245182037354,0.5671539902687073,0.3264266848564148,,,
115,41991,,,,0.4475346803665161,0.6509901881217957,0.43243005871772766
115,41991,0.4057038724422455,0.5621479153633118,0.32053500413894653,,,
116,42353,,,,0.4701395630836487,0.6704716086387634,0.4576936662197113
116,42353,0.4066280126571655,0.5616716146469116,0.32011717557907104,,,
117,42715,,,,0.44610682129859924,0.6544055938720703,0.43688568472862244
117,42715,0.4140182435512543,0.5697044134140015,0.32934677600860596,,,
118,43077,,,,0.45200952887535095,0.6589775085449219,0.4428960382938385
118,43077,0.40857434272766113,0.5642169713973999,0.32339951395988464,,,
119,43439,,,,0.4580778181552887,0.6664673686027527,0.4543841779232025
119,43439,0.4071429669857025,0.5596837997436523,0.31806305050849915,,,
120,43801,,,,0.458551287651062,0.6696811318397522,0.459359735250473
120,43801,0.40418165922164917,0.5585445165634155,0.31616613268852234,,,
121,44163,,,,0.45531073212623596,0.675872266292572,0.46525058150291443
121,44163,0.3987695276737213,0.5486074090003967,0.3053656816482544,,,
122,44525,,,,0.44823431968688965,0.6564910411834717,0.43965238332748413
122,44525,0.40536439418792725,0.559859573841095,0.3176783323287964,,,
123,44887,,,,0.4475318491458893,0.658686101436615,0.4449276626110077
123,44887,0.40062299370765686,0.5515882968902588,0.3083919882774353,,,
124,45249,,,,0.45744529366493225,0.6669003367424011,0.4540911018848419
124,45249,0.40338006615638733,0.5582112073898315,0.31585443019866943,,,
125,45611,,,,0.44589176774024963,0.6576144695281982,0.44158676266670227
125,45611,0.40129369497299194,0.5529016852378845,0.3102278709411621,,,
126,45973,,,,0.4518173933029175,0.6645428538322449,0.45102348923683167
126,45973,0.39565810561180115,0.5445817708969116,0.30056849122047424,,,
127,46335,,,,0.4509580135345459,0.6730149984359741,0.462917298078537
127,46335,0.4022251069545746,0.5538116097450256,0.3110711872577667,,,
128,46697,,,,0.46040061116218567,0.682104229927063,0.47393903136253357
128,46697,0.40780967473983765,0.5663673877716064,0.32605811953544617,,,
129,47059,,,,0.44910308718681335,0.6595350503921509,0.4435078501701355
129,47059,0.3994675874710083,0.5486323833465576,0.3056143820285797,,,
130,47421,,,,0.45190683007240295,0.662244975566864,0.44820156693458557
130,47421,0.39417994022369385,0.5426015853881836,0.29909175634384155,,,
131,47783,,,,0.4558548927307129,0.6668469309806824,0.4537830352783203
131,47783,0.3951779305934906,0.5437089800834656,0.3001628518104553,,,
132,48145,,,,0.4494674801826477,0.660660445690155,0.4451389014720917
132,48145,0.3914319574832916,0.5386123061180115,0.29396358132362366,,,
133,48507,,,,0.44105881452560425,0.6494803428649902,0.43125444650650024
133,48507,0.386633962392807,0.5317180156707764,0.28704237937927246,,,
134,48869,,,,0.45000001788139343,0.6516435146331787,0.4335440397262573
134,48869,0.38827750086784363,0.5361732840538025,0.29164376854896545,,,
135,49231,,,,0.44051864743232727,0.6480015516281128,0.42831867933273315
135,49231,0.38550469279289246,0.5301769375801086,0.285871297121048,,,
136,49593,,,,0.44652947783470154,0.6594558954238892,0.44435223937034607
136,49593,0.3903428912162781,0.5374723076820374,0.2939281761646271,,,
137,49955,,,,0.44413068890571594,0.6514245271682739,0.4340905547142029
137,49955,0.393476665019989,0.5421035885810852,0.2987031936645508,,,
138,50317,,,,0.4397397041320801,0.6398089528083801,0.4188176393508911
138,50317,0.3903845250606537,0.5384340286254883,0.2943940758705139,,,
139,50679,,,,0.43971937894821167,0.6491183638572693,0.4290522038936615
139,50679,0.3833788335323334,0.5264384150505066,0.2814874053001404,,,
140,51041,,,,0.45546257495880127,0.6701043844223022,0.45838555693626404
140,51041,0.3874128460884094,0.5335520505905151,0.2891024947166443,,,
141,51403,,,,0.4466865658760071,0.659613311290741,0.4441225826740265
141,51403,0.38952818512916565,0.5354031324386597,0.29051873087882996,,,
142,51765,,,,0.43885186314582825,0.6522420048713684,0.4357568025588989
142,51765,0.3824056088924408,0.5260789394378662,0.2811979353427887,,,
143,52127,,,,0.42724764347076416,0.6339782476425171,0.41090065240859985
143,52127,0.3816700577735901,0.5244081616401672,0.27894940972328186,,,
144,52489,,,,0.4394890069961548,0.6461948156356812,0.42694684863090515
144,52489,0.3813941478729248,0.5238069295883179,0.27859044075012207,,,
145,52851,,,,0.44485461711883545,0.6506835222244263,0.43340441584587097
145,52851,0.3793121576309204,0.5212277770042419,0.276027649641037,,,
146,53213,,,,0.444084107875824,0.6497622728347778,0.4310598373413086
146,53213,0.38914191722869873,0.5355066061019897,0.2915310859680176,,,
147,53575,,,,0.43377000093460083,0.6397364735603333,0.41847798228263855
147,53575,0.37960129976272583,0.5229055881500244,0.27783334255218506,,,
148,53937,,,,0.4594193994998932,0.6787320375442505,0.4684617817401886
148,53937,0.3832971155643463,0.5275760293006897,0.2830738425254822,,,
149,54299,,,,0.4354422986507416,0.6476921439170837,0.4294351637363434
149,54299,0.37800681591033936,0.5203747153282166,0.27499836683273315,,,
150,54661,,,,0.4710484445095062,0.6960896849632263,0.497192919254303
150,54661,0.38874551653862,0.5360552668571472,0.2934931814670563,,,
151,55023,,,,0.43839457631111145,0.6415504813194275,0.4218730926513672
151,55023,0.3869760036468506,0.5353820323944092,0.2912300229072571,,,
152,55385,,,,0.4485607147216797,0.656935453414917,0.44043657183647156
152,55385,0.37700796127319336,0.5178556442260742,0.27253690361976624,,,
153,55747,,,,0.4320240914821625,0.6442939639091492,0.42397379875183105
153,55747,0.3746517598628998,0.5143805146217346,0.26903656125068665,,,
154,56109,,,,0.43540719151496887,0.6492545008659363,0.432412326335907
154,56109,0.37107574939727783,0.5095459818840027,0.2635016143321991,,,
155,56471,,,,0.439740389585495,0.6463754177093506,0.42779403924942017
155,56471,0.36772584915161133,0.5041042566299438,0.2577478587627411,,,
156,56833,,,,0.4324701130390167,0.6458953022956848,0.4280882179737091
156,56833,0.37520676851272583,0.5158737897872925,0.27033331990242004,,,
157,57195,,,,0.4285094738006592,0.6412866711616516,0.4214172065258026
157,57195,0.3668113052845001,0.5043503046035767,0.2581009268760681,,,
158,57557,,,,0.4333456754684448,0.6395265460014343,0.4185711145401001
158,57557,0.36779218912124634,0.5042598843574524,0.25795939564704895,,,
159,57919,,,,0.42730745673179626,0.6392397284507751,0.4189383089542389
159,57919,0.37393122911453247,0.5121227502822876,0.2664616107940674,,,
160,58281,,,,0.4307149052619934,0.641278088092804,0.4205755591392517
160,58281,0.36830055713653564,0.5068503618240356,0.2609992027282715,,,
161,58643,,,,0.4383387863636017,0.6467292904853821,0.427152156829834
161,58643,0.3653935492038727,0.5002815127372742,0.2544340193271637,,,
162,59005,,,,0.4355402886867523,0.6460617780685425,0.42759469151496887
162,59005,0.36869561672210693,0.5072377920150757,0.26120322942733765,,,
163,59367,,,,0.4347459673881531,0.646253764629364,0.42702555656433105
163,59367,0.37461838126182556,0.5168727040290833,0.27138879895210266,,,
164,59729,,,,0.43234091997146606,0.6477424502372742,0.4292914867401123
164,59729,0.36363962292671204,0.499485045671463,0.2534061670303345,,,
165,60091,,,,0.43077540397644043,0.6418749094009399,0.42260608077049255
165,60091,0.36388278007507324,0.5006733536720276,0.25487369298934937,,,
166,60453,,,,0.4347974359989166,0.6568977236747742,0.4420754909515381
166,60453,0.3695099651813507,0.5100364089012146,0.2647113800048828,,,
167,60815,,,,0.43663790822029114,0.6534314751625061,0.4361218810081482
167,60815,0.3684776723384857,0.5076103210449219,0.26193755865097046,,,
168,61177,,,,0.4334849417209625,0.6390452980995178,0.4193066954612732
168,61177,0.36465805768966675,0.5017681121826172,0.2551369369029999,,,
169,61539,,,,0.4336448311805725,0.6466165781021118,0.42873433232307434
169,61539,0.3581574857234955,0.49137601256370544,0.24522361159324646,,,
170,61901,,,,0.436009019613266,0.6487776637077332,0.4302862286567688
170,61901,0.35773807764053345,0.49099165201187134,0.2449275255203247,,,
171,62263,,,,0.4338976740837097,0.6549676656723022,0.43928393721580505
171,62263,0.3626112639904022,0.4986478388309479,0.25283533334732056,,,
172,62625,,,,0.43474695086479187,0.6549327373504639,0.43847009539604187
172,62625,0.3618329167366028,0.4982163906097412,0.25222915410995483,,,
173,62987,,,,0.435454785823822,0.654447615146637,0.4396061599254608
173,62987,0.3649543821811676,0.5031015872955322,0.2574145197868347,,,
174,63349,,,,0.42696863412857056,0.6392503380775452,0.41807377338409424
174,63349,0.36641836166381836,0.5035603046417236,0.25736743211746216,,,
175,63711,,,,0.43035420775413513,0.6453918814659119,0.4255202114582062
175,63711,0.35338103771209717,0.48383575677871704,0.23765133321285248,,,
176,64073,,,,0.43058788776397705,0.6377462148666382,0.4170745313167572
176,64073,0.3522948920726776,0.4841429889202118,0.2378528118133545,,,
177,64435,,,,0.4286276400089264,0.6422858238220215,0.42293834686279297
177,64435,0.35475975275039673,0.4866754412651062,0.24042055010795593,,,
178,64797,,,,0.42583101987838745,0.6383708715438843,0.417928010225296
178,64797,0.3599596619606018,0.4963223338127136,0.25022056698799133,,,
179,65159,,,,0.437584787607193,0.6478540301322937,0.4310501515865326
179,65159,0.36613035202026367,0.5030761361122131,0.2573073208332062,,,
180,65521,,,,0.4359954595565796,0.6512011289596558,0.435153990983963
180,65521,0.3597184121608734,0.4933432936668396,0.24708014726638794,,,
181,65883,,,,0.4508023262023926,0.6578275561332703,0.44087907671928406
181,65883,0.3540426790714264,0.4836498498916626,0.23732955753803253,,,
182,66245,,,,0.42903652787208557,0.6495242714881897,0.4317835569381714
182,66245,0.3503187894821167,0.4789736866950989,0.23301075398921967,,,
183,66607,,,,0.4329192638397217,0.6467843651771545,0.42833659052848816
183,66607,0.34920141100883484,0.4767431616783142,0.230878546833992,,,
184,66969,,,,0.43451106548309326,0.6462481021881104,0.427315890789032
184,66969,0.3493926227092743,0.4794031083583832,0.23351994156837463,,,
185,67331,,,,0.4292348027229309,0.6399862170219421,0.4200252890586853
185,67331,0.3632025122642517,0.49960198998451233,0.25422489643096924,,,
186,67693,,,,0.43262234330177307,0.6483513116836548,0.430685818195343
186,67693,0.3491308391094208,0.4800787568092346,0.23379740118980408,,,
187,68055,,,,0.4251022934913635,0.6388370394706726,0.41767629981040955
187,68055,0.35587984323501587,0.4908922016620636,0.24490755796432495,,,
188,68417,,,,0.43039336800575256,0.6517963409423828,0.4359147250652313
188,68417,0.3450080454349518,0.47277095913887024,0.22698695957660675,,,
189,68779,,,,0.4328307509422302,0.6516371965408325,0.43426820635795593
189,68779,0.3483617603778839,0.47779178619384766,0.2318761795759201,,,
190,69141,,,,0.4290822148323059,0.6391632556915283,0.4186129570007324
190,69141,0.3496224582195282,0.47956323623657227,0.23377357423305511,,,
191,69503,,,,0.42486831545829773,0.6365896463394165,0.4150208532810211
191,69503,0.344359427690506,0.4721461534500122,0.2264823168516159,,,
192,69865,,,,0.4265233278274536,0.6351106762886047,0.4140738248825073
192,69865,0.34591588377952576,0.4740693271160126,0.2283395677804947,,,
193,70227,,,,0.43995580077171326,0.6442394256591797,0.4229520857334137
193,70227,0.3482396900653839,0.4801638722419739,0.2347913533449173,,,
194,70589,,,,0.42091822624206543,0.6332970857620239,0.411023885011673
194,70589,0.34689804911613464,0.47603267431259155,0.23033598065376282,,,
195,70951,,,,0.4176989495754242,0.6321506500244141,0.4111238121986389
195,70951,0.34280142188072205,0.46852678060531616,0.22351473569869995,,,
196,71313,,,,0.4198847711086273,0.6367813944816589,0.4158512055873871
196,71313,0.3401190936565399,0.46656960248947144,0.22104912996292114,,,
197,71675,,,,0.42402493953704834,0.6385972499847412,0.4181042015552521
197,71675,0.3448849022388458,0.4708006680011749,0.22545987367630005,,,
198,72037,,,,0.43280133605003357,0.6353371143341064,0.4132271409034729
198,72037,0.34655922651290894,0.47631052136421204,0.2310774177312851,,,
199,72399,,,,0.4253556430339813,0.6396359801292419,0.4198608994483948
199,72399,0.34616148471832275,0.4741431772708893,0.2288437783718109,,,
200,72761,,,,0.4232536256313324,0.6370667815208435,0.41732972860336304
200,72761,0.33858001232147217,0.4644913673400879,0.2190018743276596,,,
201,73123,,,,0.4222681224346161,0.6327729225158691,0.41105836629867554
201,73123,0.33846932649612427,0.46271443367004395,0.21741704642772675,,,
202,73485,,,,0.4294498562812805,0.645784318447113,0.42888200283050537
202,73485,0.34155380725860596,0.4671652615070343,0.22194240987300873,,,
203,73847,,,,0.42891424894332886,0.638455331325531,0.4182838201522827
203,73847,0.340598464012146,0.467456579208374,0.22229276597499847,,,
204,74209,,,,0.4221639335155487,0.6375410556793213,0.4172784984111786
204,74209,0.3381636142730713,0.4617599546909332,0.21640881896018982,,,
205,74571,,,,0.44043704867362976,0.6517185568809509,0.4349006712436676
205,74571,0.33735957741737366,0.46162623167037964,0.21657167375087738,,,
206,74933,,,,0.4288691580295563,0.6328655481338501,0.4094589948654175
206,74933,0.34053942561149597,0.4659753739833832,0.22050637006759644,,,
207,75295,,,,0.42458418011665344,0.6339764595031738,0.41211435198783875
207,75295,0.33955737948417664,0.4655977785587311,0.2200871855020523,,,
208,75657,,,,0.4234977960586548,0.6361661553382874,0.41553056240081787
208,75657,0.3344997465610504,0.45691272616386414,0.21206021308898926,,,
209,76019,,,,0.42194581031799316,0.6384335160255432,0.418788880109787
209,76019,0.33863189816474915,0.46268269419670105,0.2176075577735901,,,
210,76381,,,,0.42023706436157227,0.63372403383255,0.4115699231624603
210,76381,0.33591991662979126,0.45816901326179504,0.21307167410850525,,,
211,76743,,,,0.4309471845626831,0.6391279697418213,0.41875702142715454
211,76743,0.33829760551452637,0.4627055823802948,0.2175554484128952,,,
212,77105,,,,0.424068421125412,0.6380455493927002,0.41783392429351807
212,77105,0.3396816551685333,0.46509453654289246,0.21966542303562164,,,
213,77467,,,,0.4239272177219391,0.630790650844574,0.40828558802604675
213,77467,0.3342151641845703,0.45587703585624695,0.21106542646884918,,,
214,77829,,,,0.4265976548194885,0.6448012590408325,0.42723384499549866
214,77829,0.33173343539237976,0.45280930399894714,0.20842324197292328,,,
215,78191,,,,0.4205261766910553,0.6315284371376038,0.409785658121109
215,78191,0.32881367206573486,0.449837327003479,0.2055947631597519,,,
216,78553,,,,0.42182251811027527,0.6463044285774231,0.4281635880470276
216,78553,0.3436824679374695,0.4719465970993042,0.22627666592597961,,,
217,78915,,,,0.41626524925231934,0.6325117349624634,0.4103493392467499
217,78915,0.34076690673828125,0.4692889451980591,0.22376245260238647,,,
218,79277,,,,0.417673259973526,0.6314608454704285,0.4106980264186859
218,79277,0.3280089795589447,0.4486626088619232,0.20429936051368713,,,
219,79639,,,,0.41711604595184326,0.6273906230926514,0.40484535694122314
219,79639,0.32574957609176636,0.445864737033844,0.20210734009742737,,,
220,80001,,,,0.4155915379524231,0.6315191984176636,0.4107471704483032
220,80001,0.32429397106170654,0.44237083196640015,0.19896650314331055,,,
221,80363,,,,0.42275774478912354,0.6352862119674683,0.41335901618003845
221,80363,0.33346766233444214,0.45662495493888855,0.2124154269695282,,,
222,80725,,,,0.4182257354259491,0.6292981505393982,0.4064977765083313
222,80725,0.3282132148742676,0.4475507438182831,0.20329688489437103,,,
223,81087,,,,0.4184267222881317,0.6349387764930725,0.41460585594177246
223,81087,0.3266059160232544,0.44740036129951477,0.20371191203594208,,,
224,81449,,,,0.4211486876010895,0.6324372291564941,0.4096696972846985
224,81449,0.32837823033332825,0.44835081696510315,0.20412825047969818,,,
225,81811,,,,0.41833069920539856,0.6358540654182434,0.4140084981918335
225,81811,0.3274143934249878,0.44933611154556274,0.20512895286083221,,,
226,82173,,,,0.4214044511318207,0.6442240476608276,0.42701807618141174
226,82173,0.32618385553359985,0.442952960729599,0.19923360645771027,,,
227,82535,,,,0.41469836235046387,0.6275678873062134,0.40452924370765686
227,82535,0.32639724016189575,0.44639503955841064,0.20223408937454224,,,
228,82897,,,,0.4330953359603882,0.6477522253990173,0.4300428032875061
228,82897,0.3236863315105438,0.4419562518596649,0.1986704170703888,,,
229,83259,,,,0.42213624715805054,0.6366668343544006,0.4160054624080658
229,83259,0.32239609956741333,0.43966659903526306,0.19649864733219147,,,
230,83621,,,,0.4158596396446228,0.6307380199432373,0.40918493270874023
230,83621,0.3256838321685791,0.4454873502254486,0.20155149698257446,,,
231,83983,,,,0.4149676263332367,0.6201615333557129,0.3942022919654846
231,83983,0.32196715474128723,0.43947625160217285,0.19624504446983337,,,
232,84345,,,,0.42319074273109436,0.6421753764152527,0.42217889428138733
232,84345,0.32293495535850525,0.4398183822631836,0.1965346336364746,,,
233,84707,,,,0.41467446088790894,0.6302117109298706,0.40814682841300964
233,84707,0.32472914457321167,0.4428322911262512,0.19930203258991241,,,
234,85069,,,,0.4158836305141449,0.633653998374939,0.4127497375011444
234,85069,0.3237870931625366,0.44009408354759216,0.19665507972240448,,,
235,85431,,,,0.41143104434013367,0.6266999244689941,0.4034254550933838
235,85431,0.32291099429130554,0.44125548005104065,0.1976555734872818,,,
236,85793,,,,0.41962161660194397,0.6441119909286499,0.42630720138549805
236,85793,0.3239479064941406,0.4457160532474518,0.2020002156496048,,,
237,86155,,,,0.4546031951904297,0.6602354049682617,0.4458526372909546
237,86155,0.3181736171245575,0.43472161889076233,0.19177111983299255,,,
238,86517,,,,0.42075836658477783,0.642647385597229,0.4220200777053833
238,86517,0.31971684098243713,0.4365624785423279,0.19404254853725433,,,
239,86879,,,,0.4244392514228821,0.6285602450370789,0.40423089265823364
239,86879,0.3235291540622711,0.44430553913116455,0.2007342427968979,,,
240,87241,,,,0.4209592342376709,0.6423344612121582,0.4234733283519745
240,87241,0.3201642334461212,0.436482310295105,0.19336609542369843,,,
241,87603,,,,0.4197036325931549,0.6347588896751404,0.41404154896736145
241,87603,0.3185848891735077,0.43473586440086365,0.19203786551952362,,,
242,87965,,,,0.41829603910446167,0.6308066248893738,0.4082440435886383
242,87965,0.3244781196117401,0.445419579744339,0.2024100124835968,,,
243,88327,,,,0.41992613673210144,0.6284920573234558,0.40487948060035706
243,88327,0.31560617685317993,0.429982990026474,0.18829332292079926,,,
244,88689,,,,0.4219667911529541,0.6302907466888428,0.40700700879096985
244,88689,0.3133181631565094,0.4273819029331207,0.18543025851249695,,,
245,89051,,,,0.41927194595336914,0.6266498565673828,0.4004022777080536
245,89051,0.31225112080574036,0.425520658493042,0.18398034572601318,,,
246,89413,,,,0.41282185912132263,0.6322437524795532,0.4096281826496124
246,89413,0.31357285380363464,0.4278281331062317,0.18612882494926453,,,
247,89775,,,,0.412896066904068,0.624255359172821,0.3986158072948456
247,89775,0.31091225147247314,0.42336854338645935,0.18206259608268738,,,
248,90137,,,,0.41702139377593994,0.6351054310798645,0.4147609770298004
248,90137,0.3146339952945709,0.42994701862335205,0.1877221167087555,,,
249,90499,,,,0.4135526418685913,0.6242495179176331,0.4000043570995331
249,90499,0.31517913937568665,0.4310532212257385,0.18904292583465576,,,
250,90861,,,,0.4141535460948944,0.6343168020248413,0.41284409165382385
250,90861,0.3117932379245758,0.4238578975200653,0.18274514377117157,,,
251,91223,,,,0.42432674765586853,0.6500582098960876,0.4339000880718231
251,91223,0.312808096408844,0.42545926570892334,0.1834908127784729,,,
252,91585,,,,0.4168558120727539,0.627594530582428,0.4042283892631531
252,91585,0.31151363253593445,0.42453381419181824,0.1828271448612213,,,
253,91947,,,,0.4188377261161804,0.6290373802185059,0.4060419499874115
253,91947,0.30979418754577637,0.4230785071849823,0.1818045675754547,,,
254,92309,,,,0.43035486340522766,0.649893045425415,0.43157273530960083
254,92309,0.3166128695011139,0.43244877457618713,0.1906103938817978,,,
255,92671,,,,0.4172123372554779,0.6280400156974792,0.4034932255744934
255,92671,0.31351953744888306,0.42618826031684875,0.18442966043949127,,,
256,93033,,,,0.4172793924808502,0.633931040763855,0.41188862919807434
256,93033,0.30827972292900085,0.41936802864074707,0.17887766659259796,,,
257,93395,,,,0.4185490012168884,0.6379667520523071,0.4169429540634155
257,93395,0.30657216906547546,0.4178338050842285,0.17723754048347473,,,
258,93757,,,,0.42005833983421326,0.6305448412895203,0.4083462953567505
258,93757,0.31101086735725403,0.42403632402420044,0.18286937475204468,,,
259,94119,,,,0.4100037217140198,0.6259022951126099,0.402890682220459
259,94119,0.30776330828666687,0.4184704124927521,0.17779569327831268,,,
260,94481,,,,0.41147205233573914,0.6295172572135925,0.40657922625541687
260,94481,0.30456095933914185,0.4151136577129364,0.1751812845468521,,,
261,94843,,,,0.421490877866745,0.6319612264633179,0.4084537625312805
261,94843,0.31820017099380493,0.435472309589386,0.1936926245689392,,,
262,95205,,,,0.41840535402297974,0.6282401084899902,0.4052266478538513
262,95205,0.311900794506073,0.42593950033187866,0.18439292907714844,,,
263,95567,,,,0.4158656895160675,0.6265466809272766,0.4030779004096985
263,95567,0.3062896132469177,0.4183722138404846,0.17786848545074463,,,
264,95929,,,,0.417599618434906,0.6273582577705383,0.4040001630783081
264,95929,0.3052516579627991,0.4141124188899994,0.17436110973358154,,,
265,96291,,,,0.41691529750823975,0.6327843070030212,0.4126611053943634
265,96291,0.31554359197616577,0.4337579011917114,0.19200046360492706,,,
266,96653,,,,0.4156905710697174,0.6268670558929443,0.40455761551856995
266,96653,0.30669888854026794,0.4198717176914215,0.17944447696208954,,,
267,97015,,,,0.4095377027988434,0.6298749446868896,0.40765661001205444
267,97015,0.30467140674591064,0.4144051671028137,0.17437037825584412,,,
268,97377,,,,0.41043126583099365,0.625508189201355,0.4019607901573181
268,97377,0.3011203706264496,0.40873003005981445,0.16974599659442902,,,
269,97739,,,,0.42263880372047424,0.6438351273536682,0.4261802136898041
269,97739,0.30262890458106995,0.4120123088359833,0.172714963555336,,,
270,98101,,,,0.41557249426841736,0.6302773952484131,0.4081282615661621
270,98101,0.30297431349754333,0.41197076439857483,0.1722780168056488,,,
271,98463,,,,0.41590243577957153,0.6266935467720032,0.40309271216392517
271,98463,0.3043053448200226,0.4142031669616699,0.17432323098182678,,,
272,98825,,,,0.41127821803092957,0.6264153718948364,0.4043228328227997
272,98825,0.3054772913455963,0.41714927554130554,0.17710374295711517,,,
273,99187,,,,0.4026578664779663,0.6183513402938843,0.39414870738983154
273,99187,0.30252572894096375,0.41107475757598877,0.17150665819644928,,,
274,99549,,,,0.4090922474861145,0.6256039142608643,0.40212905406951904
274,99549,0.29689469933509827,0.4036006033420563,0.16557519137859344,,,
275,99911,,,,0.4148942828178406,0.6230605840682983,0.3992331326007843
275,99911,0.300729900598526,0.409587025642395,0.17054320871829987,,,
276,100273,,,,0.41547632217407227,0.6351362466812134,0.413678377866745
276,100273,0.30467626452445984,0.41351717710494995,0.17379751801490784,,,
277,100635,,,,0.41629788279533386,0.6338655948638916,0.413414865732193
277,100635,0.29981914162635803,0.4073188602924347,0.16883708536624908,,,
278,100997,,,,0.40692785382270813,0.623433530330658,0.3996758460998535
278,100997,0.29627758264541626,0.40317073464393616,0.1652335524559021,,,
279,101359,,,,0.4104119539260864,0.6285706162452698,0.40633052587509155
279,101359,0.30075666308403015,0.40736961364746094,0.168814018368721,,,
280,101721,,,,0.4116594195365906,0.6271238327026367,0.40488138794898987
280,101721,0.29707664251327515,0.4040238857269287,0.16582481563091278,,,
281,102083,,,,0.41217029094696045,0.6217368841171265,0.3957793712615967
281,102083,0.2972395122051239,0.4034614861011505,0.1656436026096344,,,
282,102445,,,,0.424372136592865,0.6319028735160828,0.4075814485549927
282,102445,0.30082839727401733,0.4106186032295227,0.17205959558486938,,,
283,102807,,,,0.4149014949798584,0.6312207579612732,0.40950629115104675
283,102807,0.29959678649902344,0.40935033559799194,0.17063234746456146,,,
284,103169,,,,0.41088584065437317,0.6325380206108093,0.41262269020080566
284,103169,0.2976943850517273,0.403980016708374,0.16601884365081787,,,
285,103531,,,,0.41418012976646423,0.6287885904312134,0.40641656517982483
285,103531,0.2948472797870636,0.400940477848053,0.16351285576820374,,,
286,103893,,,,0.41673973202705383,0.6305602788925171,0.40882423520088196
286,103893,0.2971312999725342,0.40323030948638916,0.16543738543987274,,,
287,104255,,,,0.41735467314720154,0.6335874795913696,0.4109361171722412
287,104255,0.294850617647171,0.4008338451385498,0.16331692039966583,,,
288,104617,,,,0.4209187924861908,0.6350631713867188,0.4140344262123108
288,104617,0.29400762915611267,0.39891472458839417,0.1619964838027954,,,
289,104979,,,,0.41395673155784607,0.6269140839576721,0.4039194881916046
289,104979,0.29329410195350647,0.3993651270866394,0.162351593375206,,,
290,105341,,,,0.4126300513744354,0.6284397840499878,0.40566185116767883
290,105341,0.29278847575187683,0.3991144597530365,0.16191565990447998,,,
291,105703,,,,0.4155949354171753,0.6332237720489502,0.4124172031879425
291,105703,0.291705459356308,0.3960448205471039,0.1597294956445694,,,
292,106065,,,,0.4250432848930359,0.6444496512413025,0.4263542890548706
292,106065,0.2940838038921356,0.4014284908771515,0.16423256695270538,,,
293,106427,,,,0.4164588451385498,0.629850447177887,0.4071296155452728
293,106427,0.29262587428092957,0.39948901534080505,0.16218310594558716,,,
294,106789,,,,0.40900513529777527,0.6264583468437195,0.40258628129959106
294,106789,0.2927859425544739,0.3968068063259125,0.1601504236459732,,,
295,107151,,,,0.4178144335746765,0.6328298449516296,0.4109765887260437
295,107151,0.29259878396987915,0.4003947973251343,0.16328273713588715,,,
296,107513,,,,0.41259074211120605,0.6263564825057983,0.4021494686603546
296,107513,0.291253924369812,0.3961227536201477,0.15961363911628723,,,
297,107875,,,,0.41202881932258606,0.624302327632904,0.3994138836860657
297,107875,0.28988057374954224,0.39319637417793274,0.15719252824783325,,,
298,108237,,,,0.41473624110221863,0.6284309029579163,0.4047132432460785
298,108237,0.2906753718852997,0.39525625109672546,0.15903881192207336,,,
299,108599,,,,0.4139919877052307,0.6373289227485657,0.4179559051990509
299,108599,0.2901359796524048,0.3937149941921234,0.15785950422286987,,,
300,108961,,,,0.4130425751209259,0.6253558397293091,0.4022367596626282
300,108961,0.2875494956970215,0.3918360471725464,0.15633511543273926,,,
301,109323,,,,0.41516679525375366,0.6285876035690308,0.4058776795864105
301,109323,0.2884221374988556,0.3917904496192932,0.15644891560077667,,,
302,109685,,,,0.41838350892066956,0.6269733905792236,0.4035111665725708
302,109685,0.29141542315483093,0.3961160480976105,0.15934263169765472,,,
303,110047,,,,0.4140240252017975,0.6337857842445374,0.41240236163139343
303,110047,0.28671786189079285,0.3898780047893524,0.1547165960073471,,,
304,110409,,,,0.4103422164916992,0.6271977424621582,0.40310585498809814
304,110409,0.28567469120025635,0.38769885897636414,0.15284739434719086,,,
305,110771,,,,0.4121127426624298,0.6241151690483093,0.39971110224723816
305,110771,0.28880584239959717,0.3928277790546417,0.15686827898025513,,,
306,111133,,,,0.4111464023590088,0.623891294002533,0.39886733889579773
306,111133,0.29216331243515015,0.3983979821205139,0.16158874332904816,,,
307,111495,,,,0.4110165238380432,0.6277875304222107,0.40440669655799866
307,111495,0.2859550416469574,0.38954684138298035,0.15468356013298035,,,
308,111857,,,,0.4135515093803406,0.6355980634689331,0.4139992892742157
308,111857,0.2831842303276062,0.3850077986717224,0.15065468847751617,,,
309,112219,,,,0.4120001494884491,0.6273848414421082,0.4032957851886749
309,112219,0.28377264738082886,0.386361300945282,0.15201734006404877,,,
310,112581,,,,0.4144992232322693,0.630295991897583,0.4071316719055176
310,112581,0.282073438167572,0.3844854533672333,0.15057247877120972,,,
311,112943,,,,0.41221490502357483,0.629749059677124,0.40795665979385376
311,112943,0.28477710485458374,0.38659825921058655,0.15224742889404297,,,
312,113305,,,,0.41567906737327576,0.6396409869194031,0.4192262589931488
312,113305,0.28367629647254944,0.38751474022865295,0.15273797512054443,,,
313,113667,,,,0.41315677762031555,0.630795955657959,0.4066578447818756
313,113667,0.2876904010772705,0.3911665976047516,0.15548160672187805,,,
314,114029,,,,0.4167274534702301,0.6339144706726074,0.4128074645996094
314,114029,0.28470948338508606,0.38764309883117676,0.1527901142835617,,,
315,114391,,,,0.4148799180984497,0.633998692035675,0.41177740693092346
315,114391,0.2829029858112335,0.38562920689582825,0.15152566134929657,,,
316,114753,,,,0.4126945734024048,0.6354830265045166,0.41332149505615234
316,114753,0.2797761559486389,0.38061004877090454,0.1474522203207016,,,
317,115115,,,,0.4176126718521118,0.6307170987129211,0.4085724949836731
317,115115,0.2811752259731293,0.3815279006958008,0.14822682738304138,,,
318,115477,,,,0.40998411178588867,0.6310809850692749,0.40847349166870117
318,115477,0.28648802638053894,0.3894738554954529,0.153859481215477,,,
319,115839,,,,0.40878933668136597,0.629123330116272,0.40615591406822205
319,115839,0.27899324893951416,0.3785895109176636,0.14571870863437653,,,
320,116201,,,,0.4164828658103943,0.6385982632637024,0.4181782305240631
320,116201,0.279141366481781,0.3784235119819641,0.14551834762096405,,,
321,116563,,,,0.4135965406894684,0.6300474405288696,0.40669795870780945
321,116563,0.27990004420280457,0.38025519251823425,0.1472834348678589,,,
322,116925,,,,0.41217976808547974,0.6293866634368896,0.40542319416999817
322,116925,0.28273335099220276,0.3845137059688568,0.1504940688610077,,,
323,117287,,,,0.4094327688217163,0.627297580242157,0.40315839648246765
323,117287,0.2808775305747986,0.38245898485183716,0.14882512390613556,,,
324,117649,,,,0.40834707021713257,0.6270348429679871,0.4035346508026123
324,117649,0.27812743186950684,0.3773064613342285,0.14477607607841492,,,
325,118011,,,,0.41187047958374023,0.6342825889587402,0.41244933009147644
325,118011,0.27721428871154785,0.3766840994358063,0.14430378377437592,,,
326,118373,,,,0.41068464517593384,0.6289157867431641,0.4066729247570038
326,118373,0.28269803524017334,0.38414227962493896,0.15059788525104523,,,
327,118735,,,,0.4118981659412384,0.6330229640007019,0.4112926423549652
327,118735,0.27808821201324463,0.37686312198638916,0.1446792185306549,,,
328,119097,,,,0.41614124178886414,0.6337013840675354,0.41173750162124634
328,119097,0.27661219239234924,0.37646007537841797,0.14440496265888214,,,
329,119459,,,,0.4129645526409149,0.6319106221199036,0.4093667268753052
329,119459,0.2804526686668396,0.3825196623802185,0.14893510937690735,,,
330,119821,,,,0.41440001130104065,0.630447268486023,0.40756046772003174
330,119821,0.27630072832107544,0.37465429306030273,0.14284339547157288,,,
331,120183,,,,0.4077618420124054,0.6264373064041138,0.40240463614463806
331,120183,0.2744729518890381,0.37223100662231445,0.14094580709934235,,,
332,120545,,,,0.4097175896167755,0.6272179484367371,0.4032338857650757
332,120545,0.27690625190734863,0.3758433163166046,0.1436477154493332,,,
333,120907,,,,0.4101466238498688,0.6293931007385254,0.4063519835472107
333,120907,0.2759307622909546,0.37472599744796753,0.14293816685676575,,,
334,121269,,,,0.409649133682251,0.6281914114952087,0.40484073758125305
334,121269,0.27576735615730286,0.3757650852203369,0.1436784267425537,,,
335,121631,,,,0.4093341529369354,0.6255617141723633,0.4010016620159149
335,121631,0.2765113115310669,0.3756515383720398,0.14363175630569458,,,
336,121993,,,,0.4072299897670746,0.6212442517280579,0.39564406871795654
336,121993,0.27388256788253784,0.3719860911369324,0.14082631468772888,,,
337,122355,,,,0.41050025820732117,0.6309945583343506,0.4086955487728119
337,122355,0.27325013279914856,0.37014415860176086,0.13939182460308075,,,
338,122717,,,,0.40833085775375366,0.6312990188598633,0.409897118806839
338,122717,0.2731364369392395,0.3714480698108673,0.14024846255779266,,,
339,123079,,,,0.41075947880744934,0.6285569667816162,0.404737651348114
339,123079,0.27160194516181946,0.37013521790504456,0.13921421766281128,,,
340,123441,,,,0.42490696907043457,0.6414190530776978,0.42168402671813965
340,123441,0.2739793062210083,0.3712437152862549,0.14025473594665527,,,
341,123803,,,,0.41570231318473816,0.6331995129585266,0.41175103187561035
341,123803,0.27369973063468933,0.3723205626010895,0.14142154157161713,,,
342,124165,,,,0.42261382937431335,0.6437236070632935,0.42465293407440186
342,124165,0.27566689252853394,0.3739534914493561,0.1426096260547638,,,
343,124527,,,,0.4154820442199707,0.6332974433898926,0.41073694825172424
343,124527,0.2774272561073303,0.3766110837459564,0.14407309889793396,,,
344,124889,,,,0.4134802222251892,0.6313075423240662,0.4082939922809601
344,124889,0.2714502811431885,0.3676624298095703,0.137750506401062,,,
345,125251,,,,0.4115925133228302,0.6320565938949585,0.4094526767730713
345,125251,0.2692672610282898,0.36536967754364014,0.1359158158302307,,,
346,125613,,,,0.4096294939517975,0.6277413368225098,0.4041852056980133
346,125613,0.2710380256175995,0.36839383840560913,0.13816851377487183,,,
347,125975,,,,0.410490483045578,0.6315046548843384,0.4083622395992279
347,125975,0.2699929177761078,0.3665136694908142,0.13656951487064362,,,
348,126337,,,,0.411516934633255,0.6319059729576111,0.4090137481689453
348,126337,0.26944246888160706,0.3652366101741791,0.13582389056682587,,,
349,126699,,,,0.41170555353164673,0.6308870315551758,0.407911479473114
349,126699,0.2681407928466797,0.36315420269966125,0.13418041169643402,,,
350,127061,,,,0.41761675477027893,0.6327757835388184,0.4101719558238983
350,127061,0.26985862851142883,0.3660241961479187,0.13626542687416077,,,
351,127423,,,,0.41150376200675964,0.6337400674819946,0.411702960729599
351,127423,0.2683027684688568,0.36275598406791687,0.13378065824508667,,,
352,127785,,,,0.4087478518486023,0.6288577914237976,0.40563660860061646
352,127785,0.2694305181503296,0.3660708963871002,0.13648386299610138,,,
353,128147,,,,0.40940308570861816,0.6282281279563904,0.4038759768009186
353,128147,0.26750731468200684,0.3628644347190857,0.13399703800678253,,,
354,128509,,,,0.4100209176540375,0.6311058402061462,0.4087408483028412
354,128509,0.26675423979759216,0.36154282093048096,0.13281403481960297,,,
355,128871,,,,0.41816774010658264,0.6368458271026611,0.4161117970943451
355,128871,0.26805269718170166,0.3635661005973816,0.13450120389461517,,,
356,129233,,,,0.4112456738948822,0.6314243674278259,0.4090937674045563
356,129233,0.2699715793132782,0.3660662770271301,0.1362282633781433,,,
357,129595,,,,0.4090506136417389,0.6283695101737976,0.40490320324897766
357,129595,0.26649439334869385,0.36139047145843506,0.13288547098636627,,,
358,129957,,,,0.4135259985923767,0.6306414008140564,0.4080282747745514
358,129957,0.26621952652931213,0.36138883233070374,0.13301898539066315,,,
359,130319,,,,0.4123400151729584,0.6305326819419861,0.4076993465423584
359,130319,0.2680257260799408,0.36349090933799744,0.13464298844337463,,,
360,130681,,,,0.4125805199146271,0.6235151886940002,0.39720162749290466
360,130681,0.2658557891845703,0.3606656789779663,0.13260221481323242,,,
361,131043,,,,0.4072999358177185,0.6223310828208923,0.39672112464904785
361,131043,0.2642231285572052,0.3570137321949005,0.12967664003372192,,,
362,131405,,,,0.4130057394504547,0.6271434426307678,0.40221938490867615
362,131405,0.2642722725868225,0.36032095551490784,0.13224364817142487,,,
363,131767,,,,0.4089093804359436,0.6286908984184265,0.4050235152244568
363,131767,0.26568272709846497,0.3597164452075958,0.13191968202590942,,,
364,132129,,,,0.41371726989746094,0.6356640458106995,0.41325026750564575
364,132129,0.2628818452358246,0.35516709089279175,0.1285424530506134,,,
365,132491,,,,0.4127819538116455,0.6315918564796448,0.4083322584629059
365,132491,0.2641921043395996,0.35785239934921265,0.1302420049905777,,,
366,132853,,,,0.4104321300983429,0.6293249130249023,0.40568968653678894
366,132853,0.2627694010734558,0.3565184772014618,0.12932400405406952,,,
367,133215,,,,0.41379231214523315,0.6347230672836304,0.41081541776657104
367,133215,0.26384425163269043,0.3583989441394806,0.130862295627594,,,
368,133577,,,,0.411974161863327,0.6300268173217773,0.4057817757129669
368,133577,0.26292848587036133,0.35551321506500244,0.12848985195159912,,,
369,133939,,,,0.40755900740623474,0.6281486749649048,0.4042919874191284
369,133939,0.2630440592765808,0.3567942678928375,0.12950682640075684,,,
370,134301,,,,0.410700261592865,0.6270747780799866,0.40271833539009094
370,134301,0.265284925699234,0.3597618639469147,0.13204079866409302,,,
371,134663,,,,0.40832385420799255,0.6284937858581543,0.40464547276496887
371,134663,0.26198968291282654,0.35503822565078735,0.12826986610889435,,,
372,135025,,,,0.4113016724586487,0.6316710710525513,0.40732911229133606
372,135025,0.262924462556839,0.3561740517616272,0.12908929586410522,,,
373,135387,,,,0.4085635840892792,0.6294094920158386,0.40563005208969116
373,135387,0.26244547963142395,0.3550144135951996,0.1282377690076828,,,
374,135749,,,,0.4107849597930908,0.6280965805053711,0.4028301239013672
374,135749,0.26232975721359253,0.35533010959625244,0.12870581448078156,,,
375,136111,,,,0.41134005784988403,0.6269534230232239,0.4021924138069153
375,136111,0.26205816864967346,0.35570451617240906,0.1288624405860901,,,
376,136473,,,,0.4089776575565338,0.6277489066123962,0.40303289890289307
376,136473,0.2614145278930664,0.3544342517852783,0.12767907977104187,,,
377,136835,,,,0.41091078519821167,0.629505455493927,0.4052779972553253
377,136835,0.2608833909034729,0.3539358079433441,0.1275644302368164,,,
378,137197,,,,0.4113134443759918,0.6313498020172119,0.40782204270362854
378,137197,0.26239997148513794,0.35548901557922363,0.1288912147283554,,,
379,137559,,,,0.4062267243862152,0.624635636806488,0.4000941812992096
379,137559,0.26297900080680847,0.35581687092781067,0.12886442244052887,,,
380,137921,,,,0.4132436513900757,0.6357899308204651,0.4137709140777588
380,137921,0.261050283908844,0.35431474447250366,0.12780249118804932,,,
381,138283,,,,0.40759962797164917,0.62813800573349,0.40414318442344666
381,138283,0.2596593201160431,0.3527216613292694,0.12663216888904572,,,
382,138645,,,,0.41141465306282043,0.6329010725021362,0.4100511074066162
382,138645,0.2592018246650696,0.35050660371780396,0.1250462532043457,,,
383,139007,,,,0.41302138566970825,0.6311517953872681,0.4078662097454071
383,139007,0.25975629687309265,0.35199132561683655,0.1260453462600708,,,
384,139369,,,,0.41129520535469055,0.6338167786598206,0.41086000204086304
384,139369,0.25854185223579407,0.34914714097976685,0.1239561066031456,,,
385,139731,,,,0.41061821579933167,0.6324861645698547,0.4092637598514557
385,139731,0.2589920163154602,0.3506118059158325,0.12494915723800659,,,
386,140093,,,,0.40907835960388184,0.626718282699585,0.4018917679786682
386,140093,0.2586821913719177,0.3509367108345032,0.12519849836826324,,,
387,140455,,,,0.41274747252464294,0.6282550096511841,0.40348130464553833
387,140455,0.2584206759929657,0.34996435046195984,0.12471263855695724,,,
388,140817,,,,0.40965065360069275,0.6320973038673401,0.40958520770072937
388,140817,0.2607998251914978,0.35408493876457214,0.12767094373703003,,,
389,141179,,,,0.41120126843452454,0.6299105882644653,0.4058995842933655
389,141179,0.25824812054634094,0.34942007064819336,0.12431943416595459,,,
390,141541,,,,0.4099888801574707,0.6313655376434326,0.4080199599266052
390,141541,0.2576959431171417,0.34895768761634827,0.12402621656656265,,,
391,141903,,,,0.4124366044998169,0.6332384347915649,0.4101482331752777
391,141903,0.2575976252555847,0.34879130125045776,0.12379428744316101,,,
392,142265,,,,0.40897971391677856,0.6303908824920654,0.40657728910446167
392,142265,0.2562238872051239,0.3468218147754669,0.12241506576538086,,,
393,142627,,,,0.4115477204322815,0.6345534920692444,0.41146305203437805
393,142627,0.2555520236492157,0.3458239436149597,0.12167119234800339,,,
394,142989,,,,0.41386839747428894,0.6381271481513977,0.41567403078079224
394,142989,0.2560195028781891,0.34589606523513794,0.12162870913743973,,,
395,143351,,,,0.41260212659835815,0.6341506838798523,0.4112497866153717
395,143351,0.25694742798805237,0.3474061191082001,0.12279272824525833,,,
396,143713,,,,0.41390082240104675,0.6370002031326294,0.41470929980278015
396,143713,0.2575059235095978,0.3486105501651764,0.1237829402089119,,,
397,144075,,,,0.41217440366744995,0.6360247731208801,0.41390615701675415
397,144075,0.25532621145248413,0.34600168466567993,0.12210111320018768,,,
398,144437,,,,0.4112865626811981,0.6328160166740417,0.40958523750305176
398,144437,0.25637608766555786,0.3472406566143036,0.12266136705875397,,,
399,144799,,,,0.4115385413169861,0.6317676901817322,0.4082889258861542
399,144799,0.25528913736343384,0.3450639843940735,0.1211409643292427,,,
400,145161,,,,0.41078394651412964,0.6280722618103027,0.4040273427963257
400,145161,0.25484323501586914,0.3442845642566681,0.12042566388845444,,,
401,145523,,,,0.4117391109466553,0.6324020624160767,0.409212589263916
401,145523,0.2551383674144745,0.34454289078712463,0.12086903303861618,,,
402,145885,,,,0.41076961159706116,0.632258951663971,0.40920430421829224
402,145885,0.2546326816082001,0.3444962203502655,0.12059987336397171,,,
403,146247,,,,0.41307875514030457,0.6344658136367798,0.4119708836078644
403,146247,0.25531673431396484,0.3451023995876312,0.1212359294295311,,,
404,146609,,,,0.41127654910087585,0.6312437653541565,0.4077399671077728
404,146609,0.2543884217739105,0.344224214553833,0.12055238336324692,,,
405,146971,,,,0.41124972701072693,0.6356269121170044,0.4128047227859497
405,146971,0.2550656199455261,0.3443479835987091,0.1205434650182724,,,
406,147333,,,,0.4103679955005646,0.6296159625053406,0.4049666225910187
406,147333,0.2549276649951935,0.34473204612731934,0.12091866135597229,,,
407,147695,,,,0.4081851840019226,0.6300598978996277,0.4064367115497589
407,147695,0.2553311288356781,0.3450155556201935,0.12130415439605713,,,
408,148057,,,,0.41090282797813416,0.6362355947494507,0.4136436879634857
408,148057,0.2538006901741028,0.34358489513397217,0.1200399100780487,,,
409,148419,,,,0.4085444211959839,0.630151629447937,0.40630224347114563
409,148419,0.2537370026111603,0.34291407465934753,0.11963532119989395,,,
410,148781,,,,0.4095001816749573,0.6316614151000977,0.40795618295669556
410,148781,0.253314346075058,0.34302759170532227,0.11979246139526367,,,
411,149143,,,,0.4138612151145935,0.6350654363632202,0.41231292486190796
411,149143,0.2518840432167053,0.34064027667045593,0.11806387454271317,,,
412,149505,,,,0.40862008929252625,0.6316066384315491,0.4084157645702362
412,149505,0.2518588900566101,0.3406483829021454,0.11814617365598679,,,
413,149867,,,,0.4093361794948578,0.6321834325790405,0.40871956944465637
413,149867,0.25211915373802185,0.340718537569046,0.11830690503120422,,,
414,150229,,,,0.41308027505874634,0.632238507270813,0.4089963138103485
414,150229,0.25257760286331177,0.341504842042923,0.11881735175848007,,,
415,150591,,,,0.4097265303134918,0.6327254176139832,0.4099922180175781
415,150591,0.2532617449760437,0.34175342321395874,0.11899643391370773,,,
416,150953,,,,0.4092259109020233,0.6329563856124878,0.4105094075202942
416,150953,0.2519714832305908,0.341051310300827,0.11823142319917679,,,
417,151315,,,,0.41048571467399597,0.632736325263977,0.4095067083835602
417,151315,0.25212299823760986,0.3405948877334595,0.1181936040520668,,,
418,151677,,,,0.4119865298271179,0.6305748820304871,0.4063894748687744
418,151677,0.2517832815647125,0.3406723439693451,0.11812286823987961,,,
419,152039,,,,0.4116210639476776,0.6325022578239441,0.40938109159469604
419,152039,0.25145697593688965,0.3400349020957947,0.1174280121922493,,,
420,152401,,,,0.4137786328792572,0.6360017657279968,0.4138002395629883
420,152401,0.25129202008247375,0.3402741551399231,0.11794345825910568,,,
421,152763,,,,0.4096582233905792,0.6318489909172058,0.4087457060813904
421,152763,0.25198400020599365,0.3409302532672882,0.11823134124279022,,,
422,153125,,,,0.4098879098892212,0.6303722858428955,0.4066541790962219
422,153125,0.2505209147930145,0.33907684683799744,0.11709532141685486,,,
423,153487,,,,0.4105725884437561,0.630139172077179,0.4062197804450989
423,153487,0.2507595717906952,0.3381943106651306,0.11628606915473938,,,
424,153849,,,,0.40917330980300903,0.6300886273384094,0.406206876039505
424,153849,0.2494044303894043,0.33824288845062256,0.11626078188419342,,,
425,154211,,,,0.41113677620887756,0.63298100233078,0.4097074568271637
425,154211,0.25041326880455017,0.3378324806690216,0.1160690113902092,,,
426,154573,,,,0.410958468914032,0.6337195038795471,0.41053348779678345
426,154573,0.2506103515625,0.33803591132164,0.11619165539741516,,,
427,154935,,,,0.40885165333747864,0.6298842430114746,0.40608900785446167
427,154935,0.25051385164260864,0.3394406735897064,0.11722184717655182,,,
428,155297,,,,0.41204920411109924,0.6311955451965332,0.40762394666671753
428,155297,0.2494146078824997,0.3375186324119568,0.1159355640411377,,,
429,155659,,,,0.4114186763763428,0.6325014233589172,0.4093497693538666
429,155659,0.24913235008716583,0.3373989760875702,0.11591804027557373,,,
430,156021,,,,0.4089506268501282,0.6294858455657959,0.40578189492225647
430,156021,0.24898913502693176,0.33723634481430054,0.11575624346733093,,,
431,156383,,,,0.4096181392669678,0.6301381587982178,0.4064900577068329
431,156383,0.24854238331317902,0.3360142707824707,0.11491989344358444,,,
432,156745,,,,0.40898004174232483,0.6309897899627686,0.40756118297576904
432,156745,0.24934963881969452,0.3370128870010376,0.11566667258739471,,,
433,157107,,,,0.40919429063796997,0.6308526396751404,0.40720102190971375
433,157107,0.24877452850341797,0.3362654149532318,0.11511919647455215,,,
434,157469,,,,0.4093668758869171,0.6309049129486084,0.4075619578361511
434,157469,0.24951796233654022,0.33648115396499634,0.11508555710315704,,,
435,157831,,,,0.4104353189468384,0.6339748501777649,0.4112824499607086
435,157831,0.2491386979818344,0.33776551485061646,0.11599157750606537,,,
436,158193,,,,0.4110508859157562,0.6307470202445984,0.40720871090888977
436,158193,0.24881815910339355,0.3358954191207886,0.11486190557479858,,,
437,158555,,,,0.41063958406448364,0.6328849792480469,0.41014838218688965
437,158555,0.2495034635066986,0.3369772136211395,0.11549254506826401,,,
438,158917,,,,0.4110289514064789,0.6344448924064636,0.41189044713974
438,158917,0.2490442991256714,0.33546510338783264,0.11463942378759384,,,
439,159279,,,,0.4117630124092102,0.6332666873931885,0.4100164771080017
439,159279,0.24851788580417633,0.33599624037742615,0.11475757509469986,,,
440,159641,,,,0.41040903329849243,0.6324438452720642,0.40925049781799316
440,159641,0.24883481860160828,0.33704328536987305,0.11589768528938293,,,
441,160003,,,,0.40874743461608887,0.6305123567581177,0.40667039155960083
441,160003,0.24775715172290802,0.33473092317581177,0.11401286721229553,,,
442,160365,,,,0.40969717502593994,0.6320346593856812,0.40842142701148987
442,160365,0.24811071157455444,0.33502405881881714,0.11427392810583115,,,
443,160727,,,,0.40869730710983276,0.6316959261894226,0.4081818163394928
443,160727,0.2480473667383194,0.33490076661109924,0.11422803997993469,,,
444,161089,,,,0.40958625078201294,0.6301936507225037,0.4062723219394684
444,161089,0.24822813272476196,0.3350112736225128,0.11416281759738922,,,
445,161451,,,,0.41025310754776,0.6304741501808167,0.40629395842552185
445,161451,0.2487129271030426,0.33553940057754517,0.11476459354162216,,,
446,161813,,,,0.4110157787799835,0.6324269771575928,0.4087532162666321
446,161813,0.24731454253196716,0.3343583345413208,0.113978810608387,,,
447,162175,,,,0.4100237786769867,0.6324678063392639,0.408974826335907
447,162175,0.2474353164434433,0.33409249782562256,0.1135556697845459,,,
448,162537,,,,0.40888306498527527,0.6300542950630188,0.4058758020401001
448,162537,0.24614527821540833,0.33320382237434387,0.11315048485994339,,,
449,162899,,,,0.4093966782093048,0.6319928169250488,0.4084874987602234
449,162899,0.24733051657676697,0.3330298066139221,0.11281411349773407,,,
450,163261,,,,0.4110972583293915,0.6326082348823547,0.4093404710292816
450,163261,0.24693909287452698,0.33335795998573303,0.1128893718123436,,,
451,163623,,,,0.4102318286895752,0.6328302025794983,0.4094749987125397
451,163623,0.24654707312583923,0.33360031247138977,0.11311517655849457,,,
452,163985,,,,0.4100891649723053,0.6335132718086243,0.4104348421096802
452,163985,0.24722057580947876,0.333650141954422,0.11343613266944885,,,
453,164347,,,,0.4098226726055145,0.6333330869674683,0.4103333055973053
453,164347,0.24660973250865936,0.3334681987762451,0.11306453496217728,,,
454,164709,,,,0.40767574310302734,0.6309147477149963,0.40734151005744934
454,164709,0.24589547514915466,0.33138689398765564,0.11168283224105835,,,
455,165071,,,,0.4090006649494171,0.6320393085479736,0.4085599482059479
455,165071,0.24561083316802979,0.33147040009498596,0.11197836697101593,,,
456,165433,,,,0.4086742699146271,0.6313579678535461,0.40784499049186707
456,165433,0.24732832610607147,0.33389386534690857,0.1133948415517807,,,
457,165795,,,,0.4101596176624298,0.6314095854759216,0.407544881105423
457,165795,0.24599526822566986,0.3328973948955536,0.11282628029584885,,,
458,166157,,,,0.4106835424900055,0.6333237290382385,0.41006729006767273
458,166157,0.24615657329559326,0.33276963233947754,0.11261390894651413,,,
459,166519,,,,0.4085257053375244,0.6291419267654419,0.40483948588371277
459,166519,0.24595503509044647,0.3328803777694702,0.11256800591945648,,,
460,166881,,,,0.41103240847587585,0.6318761706352234,0.4082351326942444
460,166881,0.24645961821079254,0.3328205943107605,0.11264068633317947,,,
461,167243,,,,0.4100184738636017,0.6312499046325684,0.4076354205608368
461,167243,0.24450913071632385,0.32979610562324524,0.11068014800548553,,,
462,167605,,,,0.41064706444740295,0.6319514513015747,0.40868258476257324
462,167605,0.24637258052825928,0.33318808674812317,0.11282980442047119,,,
463,167967,,,,0.4124288856983185,0.6359689831733704,0.4135950803756714
463,167967,0.24522647261619568,0.33213138580322266,0.11239627748727798,,,
464,168329,,,,0.4094105660915375,0.6320264935493469,0.4088596701622009
464,168329,0.24597513675689697,0.33280980587005615,0.11273418366909027,,,
465,168691,,,,0.41053134202957153,0.6334564089775085,0.41062799096107483
465,168691,0.24542294442653656,0.331569105386734,0.11195598542690277,,,
466,169053,,,,0.4096989333629608,0.6319597363471985,0.4089207351207733
466,169053,0.2448916733264923,0.3316475450992584,0.11200229078531265,,,
467,169415,,,,0.4099598228931427,0.6317036747932434,0.408439040184021
467,169415,0.2456623613834381,0.33095788955688477,0.11150731146335602,,,
468,169777,,,,0.41098448634147644,0.6336659789085388,0.41084548830986023
468,169777,0.24571073055267334,0.331773042678833,0.11204276233911514,,,
469,170139,,,,0.40929681062698364,0.6316156387329102,0.40840914845466614
469,170139,0.24510766565799713,0.33114728331565857,0.11163508892059326,,,
470,170501,,,,0.4093684256076813,0.6314838528633118,0.4081549346446991
470,170501,0.24534672498703003,0.3308908939361572,0.11136886477470398,,,
471,170863,,,,0.4102633595466614,0.6317139863967896,0.40831494331359863
471,170863,0.24407166242599487,0.32991883158683777,0.11074991524219513,,,
472,171225,,,,0.4100790321826935,0.6320271492004395,0.40863505005836487
472,171225,0.24460703134536743,0.3294656574726105,0.11040404438972473,,,
473,171587,,,,0.4100385308265686,0.6315755248069763,0.40817445516586304
473,171587,0.24462734162807465,0.32978567481040955,0.11096633970737457,,,
474,171949,,,,0.40985313057899475,0.6323889493942261,0.40915295481681824
474,171949,0.24434030055999756,0.3298961818218231,0.11069001257419586,,,
475,172311,,,,0.4090840518474579,0.6313208341598511,0.40779367089271545
475,172311,0.24510230123996735,0.33086034655570984,0.11123497784137726,,,
476,172673,,,,0.41054749488830566,0.6320429444313049,0.4088035821914673
476,172673,0.24468478560447693,0.33007025718688965,0.11087750643491745,,,
477,173035,,,,0.4101548492908478,0.6323001384735107,0.40908581018447876
477,173035,0.24487142264842987,0.33140766620635986,0.11159782111644745,,,
478,173397,,,,0.4100114703178406,0.6325337886810303,0.4093875288963318
478,173397,0.24487066268920898,0.3313421607017517,0.11172362416982651,,,
479,173759,,,,0.4112268090248108,0.633609414100647,0.4106552004814148
479,173759,0.24455302953720093,0.3301524519920349,0.11109191179275513,,,
480,174121,,,,0.4103783369064331,0.6323962807655334,0.40923449397087097
480,174121,0.2442987859249115,0.32945528626441956,0.1103147640824318,,,
481,174483,,,,0.4095979332923889,0.6318260431289673,0.4086260497570038
481,174483,0.24564898014068604,0.3310864269733429,0.11144796758890152,,,
482,174845,,,,0.4106234610080719,0.6325156092643738,0.40928977727890015
482,174845,0.2434617429971695,0.3291131854057312,0.11022188514471054,,,
483,175207,,,,0.40953993797302246,0.6322909593582153,0.4089888334274292
483,175207,0.24505096673965454,0.33038780093193054,0.11126785725355148,,,
484,175569,,,,0.4105762243270874,0.6323441863059998,0.40913745760917664
484,175569,0.24500714242458344,0.33072465658187866,0.1113642230629921,,,
485,175931,,,,0.41072213649749756,0.6325080990791321,0.4091651737689972
485,175931,0.2445419877767563,0.32904723286628723,0.1101689487695694,,,
486,176293,,,,0.4104214906692505,0.6321211457252502,0.40871700644493103
486,176293,0.2445058971643448,0.330213725566864,0.11093418300151825,,,
487,176655,,,,0.41028398275375366,0.6324890851974487,0.4091835618019104
487,176655,0.2447122037410736,0.3303050100803375,0.11082353442907333,,,
488,177017,,,,0.4096260368824005,0.6319841742515564,0.4086499512195587
488,177017,0.2452038675546646,0.33021634817123413,0.1109997034072876,,,
489,177379,,,,0.41010329127311707,0.6323485374450684,0.40908172726631165
489,177379,0.2448892593383789,0.33060550689697266,0.11111417412757874,,,
490,177741,,,,0.4101414680480957,0.632297933101654,0.40900829434394836
490,177741,0.24477480351924896,0.3304545283317566,0.11104743927717209,,,
491,178103,,,,0.41088593006134033,0.632595956325531,0.4093255400657654
491,178103,0.24344265460968018,0.32947617769241333,0.11046218872070312,,,
492,178465,,,,0.41006752848625183,0.6318356394767761,0.40833282470703125
492,178465,0.24383224546909332,0.3286292552947998,0.10986931622028351,,,
493,178827,,,,0.4096819758415222,0.6322188377380371,0.40890899300575256
493,178827,0.2453198879957199,0.33027133345603943,0.11101888865232468,,,
494,179189,,,,0.40993258357048035,0.6315595507621765,0.4079822599887848
494,179189,0.24361063539981842,0.3287976086139679,0.10997922718524933,,,
495,179551,,,,0.410197377204895,0.6322487592697144,0.4088336229324341
495,179551,0.2453579306602478,0.3315471410751343,0.1119278147816658,,,
496,179913,,,,0.4107503890991211,0.6327897906303406,0.4094178378582001
496,179913,0.2434471696615219,0.32954615354537964,0.11046373099088669,,,
497,180275,,,,0.4107874929904938,0.6329306364059448,0.4096703827381134
497,180275,0.24560700356960297,0.3308145999908447,0.11123941838741302,,,
498,180637,,,,0.410471111536026,0.6323640942573547,0.40905871987342834
498,180637,0.24370403587818146,0.32801613211631775,0.10968715697526932,,,
499,180999,,,,0.4102018177509308,0.6323325634002686,0.40904709696769714
499,180999,0.24363383650779724,0.32988929748535156,0.11069095134735107,,,
